species_name	Complete_BUSCOs	Complete_&_single-copy	Complete_&_duplicated	Fragmented	Missing	Total
Abeoforma_whisleri	613	524	89	71	270	954
Acanthoeca_spectabilis	712	213	499	31	211	954
Acropora_aculeus	929	215	714	11	14	954
Acropora_cervicornis	936	243	693	8	10	954
Acropora_digitifera	931	190	741	11	12	954
Acropora_millepora	850	417	433	69	35	954
Acropora_tenuis	930	205	725	7	17	954
Actinia_tenebrosa	912	447	465	22	20	954
Aegina_citrea	638	432	206	160	156	954
Agaricia_lamarcki	850	426	424	67	37	954
Alcyonium_palmatum	829	454	375	71	54	954
Alveopora_japonica	920	393	527	13	21	954
Amoebidium_parasiticum	760	454	306	25	169	954
Amphidiscella_abyssalis	182	156	26	270	502	954
Amphimedon_queenslandica	868	118	750	38	48	954
Anemonia_sulcata	912	323	589	23	19	954
Anemonia_viridis	875	476	399	48	31	954
Anthopleura_dowii	850	596	254	54	50	954
Anthopleura_elegantissima	932	335	597	7	15	954
Antipathes_caribbeana	908	417	491	29	17	954
Aplysina_aerophoba	866	144	722	22	66	954
Apolemia_lanosa	783	635	148	76	95	954
Atolla_vanhoeffeni	609	462	147	149	196	954
Aulacoctena_acuminata	745	499	246	36	173	954
Aulactinia_veratra	892	553	339	34	28	954
Aulocalyx_serialis	623	425	198	158	173	954
Aurelia_aurita	915	115	800	12	27	954
Axinella_polypoides	874	334	540	32	48	954
Baikalospongia_bacillifera	877	287	590	15	62	954
Bargmannia_amoena	745	553	192	90	119	954
Bargmannia_elongata	911	398	513	8	35	954
Bargmannia_lata	603	436	167	151	200	954
Bathocyroe_fosteri	807	464	343	11	136	954
Bathyctena_chuni	744	477	267	50	160	954
Beroe_abyssicola	797	495	302	14	143	954
Beroe_forskalii	787	247	540	24	143	954
Beroe_ovata	796	77	719	31	127	954
Bolinopsis_microptera	798	528	270	16	140	954
Bolosoma_cyanae	607	410	197	132	215	954
Branchiostoma_floridae	518	171	347	274	162	954
Calliactis_polypus	920	489	431	19	15	954
Calvadosia_campanulata	803	592	211	83	68	954
Calvadosia_cruxmelitensis	907	374	533	11	36	954
Capsaspora_owczarzaki	716	466	250	23	215	954
Caulophacus_discohexaster	635	455	180	119	200	954
Cestum_veneris	807	415	392	12	135	954
Charistephane_fugiens	586	469	117	137	231	954
Chaunoplectella_NIWA126325	516	315	201	224	214	954
Chelophyes_appendiculata	863	254	609	39	52	954
Chironex_fleckeri	778	633	145	82	94	954
Chondrosia_reniformis	867	196	671	17	70	954
Chrysaora_fuscescens	559	485	74	215	180	954
Chuniphyes_multidentata	840	471	369	50	64	954
Cinachyrella_alloclada	871	294	577	51	32	954
Clathrina_coriacea	609	395	214	194	151	954
Clavularia_sp	789	469	320	102	63	954
Cliona_varians	856	281	575	36	62	954
Coelastrea_aspera	933	253	680	7	14	954
Condylactis_gigantea	929	325	604	8	17	954
Copula_sivickisi	908	63	845	17	29	954
Corallium_rubrum	923	230	693	6	25	954
Corbitella_NIWA126123	124	107	17	205	625	954
Corticium_candelabrum	901	229	672	15	38	954
Corynactis_australis	922	235	687	16	16	954
Craseoa_lathetica	901	215	686	18	35	954
Craterolophus_convolvulus	700	388	312	169	85	954
Crella_elegans	773	210	563	94	87	954
Ctenactis_echinata	796	626	170	104	54	954
Ctenophora_sp_BWRF2014	806	477	329	18	130	954
Ctenophora_sp_CWRF2014	809	291	518	15	130	954
Ctenophora_sp_KWRF2015	825	418	407	14	115	954
Ctenophora_sp_L1WRF2015	827	365	462	17	110	954
Ctenophora_sp_L2WRF2015	796	428	368	20	138	954
Ctenophora_sp_MWRF2015	806	396	410	20	128	954
Ctenophora_sp_N1WRF2014	803	396	407	15	136	954
Ctenophora_sp_N2WRF2014	803	393	410	12	139	954
Ctenophora_sp_PWRF2015	821	433	388	13	120	954
Ctenophora_sp_TWRF2014	794	411	383	18	142	954
Ctenophora_sp_WWRF2014	791	368	423	29	134	954
Ctenophora_sp_XWRF2015	793	448	345	22	139	954
Cyanea_capillata	673	367	306	151	130	954
Cyanea_nozakii	897	513	384	20	37	954
Cymbastella_concentrica	884	382	502	23	47	954
Cyphastrea_serailia	758	379	379	125	71	954
Danio_rerio	935	691	244	11	8	954
Daphnia_pulex	924	251	673	11	19	954
Deiopea_kaloktenota	800	512	288	15	139	954
Dendrilla_antarctica	780	267	513	88	86	954
Dendronephthya_gigantea	918	133	785	6	30	954
Dendrophyllia_sp	921	315	606	15	18	954
Desmophyes_sp	897	479	418	21	36	954
Dipsastraea_rotumana	926	314	612	13	15	954
Dryodora_glandiformis	793	463	330	20	141	954
Dysidea_avara	892	145	747	20	42	954
Edwardsiella_carnea	939	357	582	3	12	954
Entacmaea_quadricolor	935	371	564	5	14	954
Ephydatia_fluviatilis	885	173	712	13	56	954
Ephydatia_muelleri	873	179	694	30	51	954
Erenna_richardi	890	617	273	18	46	954
Eucidaris_tribuloides	353	205	148	251	350	954
Eunicea_calyculata	915	355	560	10	29	954
Eunicella_cavolini	550	407	143	236	168	954
Euplokamis_dunlapae	812	455	357	19	123	954
Eurete_NIWA126276	730	448	282	60	164	954
Farrea_occa	720	334	386	79	155	954
Farrea_similaris	89	69	20	165	700	954
Favites_acuticollis	928	349	579	16	10	954
Forskalia_asymmetrica	876	681	195	33	45	954
Fungia_fungites	926	315	611	11	17	954
Galaxea_astreata	931	257	674	7	16	954
Geodia_atlantica	771	137	634	110	73	954
Geodia_hentscheli	755	179	576	114	85	954
Geodia_macandrewii	715	312	403	140	99	954
Geodia_phlegraei	778	195	583	106	70	954
Goniastrea_retiformis	837	485	352	63	54	954
Goniopora_columna	920	355	565	17	17	954
Gorgonia_ventalina	922	132	790	10	22	954
Grantia_compressa	862	524	338	17	75	954
Haeckelia_beehleri	798	486	312	15	141	954
Haeckelia_rubra	798	528	270	21	135	954
Halichondria_panicea	905	172	733	26	23	954
Haliclona_amboinensis	887	49	838	11	56	954
Haliclona_tubifera	853	112	741	24	77	954
Haliclystus_auricula	643	385	258	178	133	954
Halisarca_dujardinii	840	180	660	31	83	954
Helgoeca_nana	705	270	435	31	218	954
Heliopora_coerulea	877	444	433	40	37	954
Heteractis_crispa	932	271	661	9	13	954
Hippopodius_hippopus	907	283	624	12	35	954
Hoilungia_hongkongensis	913	144	769	10	31	954
Hormiphora_californensis	794	213	581	19	141	954
Hydra_oligactis	910	316	594	11	33	954
Hydra_viridissima	914	271	643	8	32	954
Hydra_vulgaris	915	465	450	9	30	954
Hydractinia_symbiolongicarpus	924	179	745	7	23	954
Ichthyosporea_XGB-2017a	717	492	225	40	197	954
Isodyctia_sp	877	324	553	15	62	954
Janusya_sp	626	503	123	174	154	954
Kiyohimea_sp_WRF2015	789	596	193	25	140	954
Lampea_lactea	735	519	216	65	154	954
Lampea_sp	806	433	373	14	134	954
Lampocteis_cruentiventer	797	518	279	22	135	954
Latrunculia_apicalis	742	503	239	91	121	954
Lendenfeldia_chondrodes	880	191	689	15	59	954
Leucetta_chagosensis	898	441	457	13	43	954
Leuconia_nivea	754	421	333	83	117	954
Leucothea_pulchra	800	354	446	18	136	954
Lilyopsis_fluoracantha	837	474	363	55	62	954
Liriope_tetraphylla	914	117	797	14	26	954
Lobactis_scutaria	844	391	453	74	36	954
Lobata_sp_VWRF2014	804	461	343	16	134	954
Lubomirskia_abietina	876	287	589	17	61	954
Lubomirskia_baikalensis	874	222	652	20	60	954
Lychnagalma_utricularia	861	509	352	43	50	954
Marrus_claudanielis	855	416	439	39	60	954
Megalactis_griffithsi	877	292	585	43	34	954
Millepora_alcicornis	914	433	481	14	26	954
Montastraea_cavernosa	884	343	541	35	35	954
Montipora_aequituberculata	929	304	625	10	15	954
Montipora_capitata	919	248	671	15	20	954
Montipora_digitata	935	200	735	7	12	954
Muricea_laxa	896	372	524	30	28	954
Mycale_cecilia	886	183	703	35	33	954
Mycale_phylophylla	811	230	581	59	84	954
Nanomia_bijuga	829	513	316	64	61	954
Nematostella_vectensis	935	343	592	3	16	954
Nemopilema_nomurai	911	342	569	9	34	954
Neopetrosia_compacta	896	231	665	12	46	954
Ocyropsis_maculata	759	418	341	50	145	954
Oligometra_serripinna	938	311	627	6	10	954
Oscarella_lobularis	875	149	726	20	59	954
Oscarella_pearsei	879	189	690	19	56	954
Palythoa_caribaeorum	899	504	395	24	31	954
Palythoa_variabilis	844	534	310	53	57	954
Pelagia_noctiluca	914	359	555	10	30	954
Petrosia_ficiformis	894	216	678	22	38	954
Phenganax_sp	886	251	635	38	30	954
Physalia_physalis	851	615	236	46	57	954
Plakina_jani	896	346	550	20	38	954
Platynereis_dumerilii	937	169	768	5	12	954
Pleraplysilla_spinifera	887	209	678	12	55	954
Plesiastrea_versipora	898	416	482	28	28	954
Plumapathes_pennacea	927	353	574	8	19	954
Pocillopora_damicornis	928	225	703	16	10	954
Poecilosclerida_sp	685	329	356	139	130	954
Porites_astreoides	897	420	477	32	25	954
Porites_australiensis	928	285	643	10	16	954
Porites_lobata	927	384	543	11	16	954
Porites_lutea	921	278	643	19	14	954
Priapulus_caudatus	893	211	682	38	23	954
Protopalythoa_variabilis	843	532	311	58	53	954
Pseudodiploria_strigosa	909	218	691	28	17	954
Pseudospongosorites_suberitoides	319	280	39	248	387	954
Ptychodera_flava	951	88	863	0	3	954
Regadrella_okinoseana	736	504	232	63	155	954
Resomia_ornicephala	895	453	442	22	37	954
Rhizophysa_filiformis	890	442	448	20	44	954
Rhodactis_indosinensis	925	311	614	8	21	954
Rossellidae_NIWA126310	553	416	137	160	241	954
Saccocalyx_tetractinus	157	129	28	269	528	954
Salpingoeca_infusionum	691	178	513	30	233	954
Sarcothelia_edmonsoni	902	235	667	17	35	954
Sarcotragus_fasciculatus	572	289	283	220	162	954
Scopalina_sp	819	362	457	61	74	954
Seriatopora_hystrix	651	407	244	185	118	954
Siderastrea_siderea	927	210	717	6	21	954
Sinularia_cruciata	727	599	128	136	91	954
Spongia_officinalis	879	132	747	32	43	954
Spongilla_lacustris	865	258	607	36	53	954
Stephalia_dilata	872	464	408	28	54	954
Stephalia_sp	784	616	168	86	84	954
Stichodactyla_haddoni	787	443	344	114	53	954
Stichodactyla_helianthus	867	388	479	50	37	954
Stomolophus_meleagris	771	545	226	97	86	954
Strongylocentrotus_purpuratus	936	128	808	9	9	954
Sycon_ciliatum	818	586	232	42	94	954
Sycon_coactum	331	229	102	260	363	954
Symsagittifera_roscoffensis	793	338	455	17	144	954
Tedania_anhelans	836	238	598	39	79	954
Tethya_wilhelma	879	156	723	16	59	954
Thalassocalyce_inconstans	786	427	359	30	138	954
Trichoplax_adherens	915	273	642	5	34	954
Tripedalia_cystophora	913	414	499	9	32	954
Trychella_NIWA126306	648	384	264	122	184	954
Tubastraea_coccinea	941	198	743	7	6	954
Tubipora_musica	838	689	149	57	59	954
Tubulanus_polymorphus	848	279	569	66	40	954
Turritopsis_sp	748	288	460	56	150	954
Vaceletia_crypta	748	252	496	109	97	954
Velamen_paralellum	806	146	660	15	133	954
Walteria_leuckarti	493	174	319	250	211	954
Xenia_sp	885	426	459	28	41	954
Xenoturbella_bocki	887	284	603	20	47	954
Xestospongia_testudinaria	683	184	499	141	130	954
